cea_name,osm_name,match_score,lat,lon,cea_capacity_mw,cea_fuel_type,cea_state
ACB CHAKABURA TPP,Chakabura Power Station,81.81818181818181,22.3945578,82.5561117,30.0,Steam,Chhattisgarh
ACB KASAIPALLI TPP,Kasaipalli Power Station,83.33333333333333,22.38715,82.55243,270.0,Steam,Chhattisgarh
ADHPL ALLAIN DUHANGAN HPS,ALLAIN DUHANGAN,100.0,32.225732,77.2069976,192.0,Hydro,Himachal Pradesh
ADHUNIK MAHADEV PRASAD STPP,Mahadev Prasad Super Thermal Power Plant,77.77777777777777,22.8376403,86.0593502,540.0,Steam,Jharkhand
AEML DAHANU TPS,Dahanu Thermal Power Station,70.58823529411765,19.953102,72.7504785,500.0,Steam,MaharashtrParivate Sector
AHPC (GVK) SHRINAGAR HPS,Shrinagar Dam,81.81818181818181,30.2404195,78.8314861,330.0,Hydro,Uttarakhand
APCPL INDIRA GANDHI STPP,Indira Gandhi Super Thermal Power Project,81.25,28.4822247,76.3756969,1500.0,Steam,Haryana
APEPDCL JEGURUPADU CCPP PH I,Jegurupadu Combined Cycle Power Plant,60.60606060606061,16.9305896,81.8617728,235.4,GT-Gas,Andhra PradSetashte Sector
APGCL KARBI LANGPI HPS,KARBI LANGPI,100.0,25.9131499,92.4994285,100.0,Hydro,Assam
APGCL NAMRUP CCPP,Namrup Thermal Power Station,66.66666666666666,27.1866074,95.3757367,139.4,GT-Gas,Assam
APGENCO HAMPI HPS,Hampi Powerhouse,62.06896551724138,15.3161661,76.4972733,36.0,Hydro,Karnataka
APGENCO LOWER SILERU HPS,Lower Sileru Power House,75.0,17.8702666,81.6592761,460.0,Hydro,Andhra Pradesh
APGENCO MACHKUND HPS,Machkund Hydro Electric (Joint) Scheme,66.66666666666666,18.5084063,82.4409912,114.75,Hydro,Odisha
APGENCO RAYALASEEMA TPS,Rayalaseema Thermal Power Station,73.33333333333333,14.7037753,78.4555571,1650.0,Steam,Andhra PradSetashte Sector
APGENCO SRISAILAM HPS,Srisailam left power station,69.23076923076923,16.0953046,78.9029278,770.0,Hydro,Andhra Pradesh
APGENCO UPPER SILERU HPS,Upper Sileru Power House,75.0,18.0371452,82.0192773,240.0,Hydro,Andhra Pradesh
APGPCL VIJJESWARAM CCPP,Vijjeswaram Gas Power Plant,75.86206896551724,16.934099,81.7243081,272.0,GT-Gas,Andhra PradPerisvhate Sector
BALCO BALCO TPS,Balco - III,100.0,22.3976326,82.7403829,600.0,Steam,Chhattisgarh
BBMB GANGUWAL HPS,Ganguwal Power House,76.19047619047619,31.2677387,76.4920627,77.65,Hydro,Punjab
BBMB KOTLA HPS,Kotla Power House,66.66666666666666,31.2131453,76.5491663,77.65,Hydro,Punjab
BBMB PONG HPS,Pong Dam power house,61.53846153846154,31.9671499,75.9425648,396.0,Hydro,Himachal Pradesh
BEPL BARKHERA TPS,Barkhera Thermal Power Station,76.19047619047619,28.4732112,79.8061222,90.0,Steam,Uttar PradePshrivate Sector
BEPL KHAMBARKHERA TPS,Khambarkhera Thermal Power Station,82.75862068965517,28.0172027,80.8300394,90.0,Steam,Uttar PradePshrivate Sector
BEPL KUNDARKI TPS,ELDARI,63.1578947368421,19.7199088,76.732193,90.0,Steam,Uttar PradePshrivate Sector
BEPL UTRAULA TPS,Utraula Thermal Power Station,73.6842105263158,27.3479932,82.3176921,90.0,Steam,Uttar PradePshrivate Sector
BLAPPL NIWARI TPP,Panwari,60.0,25.459144,79.4646417,90.0,Steam,Madhya PraPdreivsahte Sector
BRBCL NABINAGAR TPP,Nabinagar Thermal Power Project,75.0,24.702005,84.0908206,1000.0,Steam,Bihar
BSES AP PEDDAPURAM CCPP,BSES,100.0,28.6763708,77.3095282,220.0,GT-Gas,Andhra PradPerisvhate Sector
CESC SOUTHERN REPL. TPS,Southern CESC power station,81.25,22.5479236,88.2939961,135.0,Steam,West BengaPlrivate Sector
CESC TITAGARH TPS,Titagarh Power Plant,76.19047619047619,22.7316431,88.3705478,240.0,Steam,West BengaPlrivate Sector
DBPCL BARADARHA TPS,Baradarha Power Station,75.0,21.9082666,83.1912217,1200.0,Steam,Chhattisgarh
DEPL JORETHANG LOOP,Jorethang HEP - Diversion Barrage,64.28571428571428,27.1600265,88.2919471,96.0,Hydro,Sikkim
DIL DHARIWAL TPP,Dhariwal Power Plant,80.0,20.0129779,79.204223,600.0,Steam,MaharashtrParivate Sector
DLHP BHANDARDHARA HPS ST-II,BHANDARDHARA,100.0,19.5554606,73.8088239,34.0,Hydro,Maharashtra
DVC CHANDRAPURA(DVC) TPS,Chandrapur,66.66666666666666,20.0213692,79.2719283,500.0,Steam,Jharkhand
DVC DURGAPUR STEEL TPS,Durgapur Steel Thermal Power Station,87.5,23.5774768,87.2102967,1000.0,Steam,West BengaClentral Sector
DVC KODARMA TPP,Somaram C,60.0,17.7129276,79.0185607,1000.0,Steam,Jharkhand
DVC MAITHON HPS,Maithon hydroelectric power station,77.77777777777777,23.7883063,86.818955,63.2,Hydro,West Bengal
DVC MEJIA TPS,Mejia Thermal Power Station,71.42857142857143,23.460457,87.1366381,2340.0,Steam,West BengaClentral Sector
DVC PANCHET HPS,Panchet hydroelectric power station,77.77777777777777,23.6805535,86.7475091,80.0,Hydro,Jharkhand
DVC RAGHUNATHPUR TPP,Raghunathpur Thermal Power Station,85.71428571428571,23.6209637,86.6576229,1200.0,Steam,West BengaClentral Sector
ESSAR ESSAR CCPP,Essar Power Limited,100.0,22.3244991,69.7354255,515.0,GT-Gas,Gujarat
GAUTAMI GAUTAMI CCPP,Gautami Combined Cycle Power Plant,100.0,17.0396919,82.1289705,464.0,GT-Gas,Andhra PradPerisvhate Sector
GBHHPPL BAJOLI HOLI HPS,Bajoli Holi Dam,84.61538461538461,32.2802846,76.6693702,180.0,Hydro,Himachal Pradesh
GBHPPL BUDHIL HPS,BUDHIL,100.0,32.4539678,76.5343912,70.0,Hydro,Himachal Pradesh
GIPCL BARODA CCPP,Bardipur,60.0,17.9207058,78.021445,160.0,GT-Gas,Gujarat
GIPL CHUZACHEN HPS,CHUZACHEN,100.0,27.2094727,88.6655182,110.0,Hydro,Sikkim
GIPL GAMA CCPP,Gama Infraprop Private Limited,61.53846153846154,29.1415087,78.9645215,225.0,GT-Gas,Uttarakhand
GMDCL AKRIMOTA LIG TPS,Akrimota Thermal Power Station,61.53846153846154,23.7719988,68.6450812,250.0,Steam,Gujarat
GMR ENERG GMR WARORA TPS,Warora,100.0,20.3010821,79.0245499,600.0,Steam,MaharashtrParivate Sector
GMR ENERG KAMALANGA TPS,Kamalanga Thermal Power Plant,64.28571428571428,20.8652362,85.2653241,1050.0,Steam,Odisha
GPPCL PIPAVAV CCPP,GSPC Pipavav Power Company Ltd.,70.0,20.8990236,71.4652111,702.0,GT-Gas,Gujarat
GSECL BHAVNAGAR CFBC TPP,Bhavnagar Padva Power Plant,62.06896551724138,21.5858931,72.2234876,500.0,Steam,Gujarat
GSECL DHUVARAN CCPP,Dhuvaran Phase 1,73.33333333333333,22.2524303,72.7391213,594.72,GT-Gas,Gujarat
GSECL GANDHI NAGAR TPS,Gandhi Sagar,80.0,24.7013783,75.5539386,630.0,Steam,Gujarat
GSECL KADANA HPS,Kadana Hydro Power Station,66.66666666666666,23.3065274,73.8270588,240.0,Hydro,Gujarat
GSECL UTRAN CCPP,Utran Gas Based Power Station,62.5,21.2304892,72.8714696,374.0,GT-Gas,Gujarat
GSECL WANAKBORI TPS,Wanakbori Thermal Power Station,75.0,22.8730665,73.361373,2270.0,Steam,Gujarat
GSEGL HAZIRA CCPP,Hazira Reliance Power Plant,66.66666666666666,21.1592426,72.6874604,156.1,GT-Gas,Gujarat
GSEGL HAZIRA CCPP EXT,Hazira Reliance Power Plant,66.66666666666666,21.1592426,72.6874604,351.0,GT-Gas,Gujarat
HBPCL BASPA HPS,Baspa 2,83.33333333333333,31.4956767,78.1887691,300.0,Hydro,Himachal Pradesh
HBPCL KARCHAM WANGTOO HPS,Karcham Wangtoo Hydroelectric Plant,83.33333333333333,31.5443759,78.014018,1045.0,Hydro,Himachal Pradesh
HEL HALDIA TPP,Haldia Tata Power Power Plant,75.0,22.0539034,88.1216152,600.0,Steam,West BengaPlrivate Sector
HMEL HIRANMAYE TPP,Hiranmaye Haldia Power Plant,78.26086956521739,22.0804235,88.1027062,300.0,Steam,West BengaPlrivate Sector
HNPC VIZAG TPP,Vizag Thermal Power Station,66.66666666666666,17.5640681,83.1395378,1040.0,Steam,Andhra PradPerisvhate Sector
HPGCL PANIPAT TPS,Panipat,100.0,29.3885676,76.8708329,710.0,Steam,Haryana
HPGCL RAJIV GANDHI TPS,Rajiv Gandhi Combined Cycle Power Plant,80.0,9.2393282,76.4304992,1200.0,Steam,Haryana
HPGCL YAMUNA NAGAR TPS,Naga Samudra,60.0,14.8212367,76.7473045,600.0,Steam,Haryana
HPPCL KASHANG INTEGRATED HEP,Kalanga Gad HEP,60.46511627906977,29.5486985,80.8589458,195.0,Hydro,Himachal Pradesh
HPPCL SAINJ HPS,Sainj Hydro Power Project,62.5,31.7797093,77.4074444,100.0,Hydro,Himachal Pradesh
HPPCL SAWRA KUDDU HPS,Sawra Kuddu hydro power station,78.57142857142857,31.055959,77.8225297,111.0,Hydro,Himachal Pradesh
HPSEB SANJAY HPS,SANJAY BHABA,75.0,31.621434,78.0214169,120.0,Hydro,Himachal Pradesh
IBPIL TUTICORIN (P) TPP,Tuticorin Thermal Power Station,64.28571428571428,8.7627686,78.1759041,300.0,Steam,Tamil Nadu
IEPL BELA TPS,Bela Power Plant,61.53846153846154,20.8103938,79.0536319,270.0,Steam,MaharashtrParivate Sector
ITPCL ITPCL TPP,TCPL,66.66666666666666,13.3839651,80.1134097,1200.0,Steam,Tamil Nadu
JKSPDC BAGLIHAR HPS,Baglihar hydro power station,69.56521739130434,33.1791503,75.3166236,450.0,Hydro,Jammu & Kashmir
JKSPDC BAGLIHAR II HPS,Baglihar hydro power station,61.53846153846154,33.1791503,75.3166236,450.0,Hydro,Jammu & Kashmir
JKSPDC LOWER JHELUM HPS,Lower Jhelum,100.0,34.151249,74.196861,105.0,Hydro,Jammu & Kashmir
JKSPDC UPPER SINDH-II HPS,Upper Sindh-II Hydroelectric Power Station,80.0,34.2673651,74.896923,105.0,Hydro,Jammu & Kashmir
JPL OP JINDAL TPS,Jindal Power Limited,63.1578947368421,21.1544771,74.8533304,1000.0,Steam,Chhattisgarh
JPL TAMNAR TPP,Tamnar Power Station,75.0,22.1047558,83.450249,2400.0,Steam,Chhattisgarh
JPPVL BINA TPS,Bina TPS,100.0,24.3172186,78.135934,500.0,Steam,Madhya PraPdreivsahte Sector
JSWEL JSW RATNAGIRI TPP,JSW Ratnagiri Power Plant,81.25,17.2973138,73.2120345,300.0,Steam,MaharashtrParivate Sector
JSWEL(Utkal) JSW Energy Utkal Limited,Thar Energy Limited (TEL),71.7948717948718,24.8063065,70.4020245,350.0,Steam,Odisha
JhPL(HR) MAHATMA GANDHI TPS,Mahatma Gandhi Thermal Power Project,75.67567567567568,28.4910807,76.3495557,1320.0,Steam,Haryana
KONA KONASEEMA CCPP,Konaseema Power Plant,78.26086956521739,16.7362223,81.8629548,445.0,GT-Gas,Andhra PradPerisvhate Sector
KONDAPALI KONDAPALLI CCPP,Lanco Kondapalli Power Plant,66.66666666666666,16.6399027,80.5527311,368.144,GT-Gas,Andhra PradPerisvhate Sector
KPCL ALMATTI DPH HPS,Almatti Dam Power House,61.53846153846154,16.3279486,75.885912,290.0,Hydro,Karnataka
KPCL BHADRA HPS,Bhadra Left Bank Canal Powerhouse,70.58823529411765,13.7021368,75.6366095,26.0,Hydro,Karnataka
KPCL KADRA HPS,Kadra Dam Power House,66.66666666666666,14.8965317,74.3537202,150.0,Hydro,Karnataka
KPCL KALINADI SUPA HPS,Supa,100.0,25.3530285,79.7701412,100.0,Hydro,Karnataka
KPCL LIGANAMAKKI HPS,Linganamakki Power House,60.0,14.170371,74.8387032,55.0,Hydro,Karnataka
KPCL MUNIRABAD HPS,Munirabad Powerhouse,78.26086956521739,15.2666829,76.3286662,28.0,Hydro,Karnataka
KPCL RAICHUR TPS,Raichur Thermal Power Station,73.6842105263158,16.3609603,77.3371733,1720.0,Steam,Karnataka
KPCL VARAHI HPS,Varahi underground Powerhouse,70.58823529411765,13.7030919,74.9991507,460.0,Hydro,Karnataka
KPCL YELAHANKA CCPP,Yelahanka Combined Cycle Power Plant,78.26086956521739,13.1164238,77.5819147,370.05,GT-Gas,Karnataka
KSEB IDAMALAYAR HPS,Idamalayar hydroelectric power station,80.0,10.2070593,76.7138875,75.0,Hydro,Kerala
KSEB IDUKKI HPS,Idukki hydro power station,70.58823529411765,9.7892706,76.8596246,780.0,Hydro,Kerala
KSEB KAKKAD HPS,Kakkad Hydro Electric Power Station,70.58823529411765,9.3275423,76.9717708,50.0,Hydro,Kerala
KSEB LOWER PERIYAR HPS,Lower Periyar Dam,86.66666666666667,9.962295,76.9570456,180.0,Hydro,Kerala
KSEB PALLIVASAL EXTN HPS,Pallivasal Powerhouse,68.29268292682927,10.0314864,77.0549305,60.0,Hydro,Kerala
KSEB PALLIVASAL HPS,Pallivasal Powerhouse,80.0,10.0314864,77.0549305,37.5,Hydro,Kerala
KSEB PORINGALKUTTU HPS,Poringalkuthu Power Plant,60.46511627906977,10.3121522,76.6168845,32.0,Hydro,Kerala
KSEB SABARIGIRI HPS,Sabarigiri Hydro Electric Plant,80.0,9.3099437,77.0729682,300.0,Hydro,Kerala
KSEB SENGULAM HPS,Sengulam,100.0,9.9760583,77.030896,48.0,Hydro,Kerala
KSEB SHOLAYAR HPS,Sholayar Power Station,76.19047619047619,10.3040747,76.7303941,54.0,Hydro,Kerala
L&T UHL SINGOLI BHATWARI HPS,Singoli Bhatwari hydro power station,80.0,30.4098358,79.0475321,99.0,Hydro,Uttarakhand
LANCO PATHADI TPP,Lanco Amarkantak,62.06896551724138,22.2424497,82.7219486,600.0,Steam,Chhattisgarh
LPGCL LALITPUR TPS,Lalitpur Thermal Power Station,72.72727272727272,24.7935639,78.6466009,1980.0,Steam,Uttar PradePshrivate Sector
LVS POWER LVS POWER DG,CG Power,76.92307692307692,19.947144,73.7459872,36.8,Diesel,Andhra PradPerisvhate Sector
MAHAGENCO BHIRA TAIL RACE HPS,Bhira Tail Race hydro power station,75.0,18.4426876,73.3499601,80.0,Hydro,Maharashtra
MAHAGENCO BHUSAWAL TPS,Bhusawal Thermal Power Station,61.53846153846154,21.0465892,75.8511239,1870.0,Steam,MaharashtrSatate Sector
MAHAGENCO KHAPARKHEDA TPS,Khaparkheda Thermal Power Station,68.75,21.276703,79.1177088,1340.0,Steam,MaharashtrSatate Sector
MAHAGENCO KORADI TPS,Mahrauni Khurd,60.0,24.7923888,78.4094158,2190.0,Steam,MaharashtrSatate Sector
MAHAGENCO URAN CCPP,Uran,100.0,18.8811927,72.9707029,672.0,GT-Gas,MaharashtrSatate Sector
MAHAGENCO VAITARNA HPS,Middle Vaitarna Dam,61.53846153846154,19.7061526,73.4328476,60.0,Hydro,Maharashtra
MBPCL RONGNICHU HPS,U.ROGNICHU,64.0,27.2591265,88.5592393,113.0,Hydro,Sikkim
MBPMPL ANUPPUR TPP,Anuppur Thermal Power Project,66.66666666666666,23.0670378,81.7890919,1250.0,Steam,Madhya PraPdreivsahte Sector
MEL THAMMINAPATNAM TPS,Meenakshi Thamminapatnam Thermal Power Plant,87.5,14.2140402,80.0930535,300.0,Steam,Andhra PradPerisvhate Sector
MPCL MALANA HPS,MALANA,100.0,32.0811702,77.2754743,86.0,Hydro,Himachal Pradesh
MPL MAITHON RB TPP,Maithon Power Plant,72.72727272727272,23.8209777,86.7464048,1050.0,Steam,Jharkhand
MPPGCL AMARKANTAK EXT TPS,Lanco Amarkantak,76.92307692307692,22.2424497,82.7219486,210.0,Steam,Madhya PraSdteasthe Sector
MPPGCL BANSAGAR TONS-I HPS,Bansagar-I,62.5,24.8596521,81.313704,315.0,Hydro,Madhya Pradesh
MPPGCL BANSAGAR-II HPS,Bansagar-II,100.0,24.4848692,81.2961667,30.0,Hydro,Madhya Pradesh
MPPGCL BANSAGAR-III HPS,Bansagar-III,100.0,24.1873668,81.2856621,60.0,Hydro,Madhya Pradesh
MPPGCL BARGI HPS,Bargi,100.0,22.9430019,79.9242553,90.0,Hydro,Madhya Pradesh
MPPGCL GANDHI SAGAR HPS,Gandhi Sagar,100.0,24.7013783,75.5539386,115.0,Hydro,Madhya Pradesh
MPPGCL RAJGHAT HPS,Rajghat powerhouse,66.66666666666666,24.7635714,78.2321225,45.0,Hydro,Madhya Pradesh
MPPGCL SANJAY GANDHI TPS,Sanjay Gandhi Thermal Power Station,78.78787878787878,23.3084352,81.0648047,1340.0,Steam,Madhya PraSdteasthe Sector
MPPGCL SATPURA TPS,Satpura Thermal Power Station,66.66666666666666,22.1102271,78.177902,1330.0,Steam,Madhya PraSdteasthe Sector
MPPGCL SHREE SINGAJI TPP,Shree Singaji Thermal Power Project,78.78787878787878,22.1029584,76.5362669,2520.0,Steam,Madhya PraSdteasthe Sector
MeECL NEW UMTRU HPS,Umtru Dam,71.42857142857143,26.0068577,91.8114513,40.0,Hydro,Meghalaya
NEEPCO. AGARTALA GT,Lanco Amarkantak,62.5,22.2424497,82.7219486,135.0,GT-Gas,Tripura
NEEPCO. DOYANG HPS,DOYANG,100.0,26.2327765,94.259246,75.0,Hydro,Nagaland
NEEPCO. KAMENG HPS,Kameng hydro power station,60.0,27.1652163,92.6826811,600.0,Hydro,Arunachal Pradesh
NEEPCO. KOPILI HPS,Kopili Hydro Power Station,60.0,25.586031,92.7229423,200.0,Hydro,Assam
NEEPCO. MONARCHAK CCPP,MONARCHAK,100.0,23.4384085,91.2736015,101.0,GT-Gas,Tripura
NEEPCO. PARE,PARE,100.0,27.2387112,93.8116094,110.0,Hydro,Arunachal Pradesh
NEEPCO. RANGANADI HPS,RANGANADI,100.0,27.3419703,93.8168666,405.0,Hydro,Arunachal Pradesh
NEEPCO. TUIRIAL HPS,Tuirial Hydro Power Station,63.63636363636363,24.3574348,92.8839818,60.0,Hydro,Mizoram
NHDC INDIRA SAGAR HPS,Indira Sagar,100.0,22.2887224,76.4695383,1000.0,Hydro,Madhya Pradesh
NHDC OMKARESHWAR HPS,Omkareshwar,100.0,22.2451307,76.1635821,520.0,Hydro,Madhya Pradesh
NHPC BAIRA SIUL HPS,Baira Siul Hydroelectric Power Plant,80.0,32.7425644,76.1113138,180.0,Hydro,Himachal Pradesh
NHPC CHAMERA-I HPS,CHAMERA II,66.66666666666666,32.472754,76.253344,540.0,Hydro,Himachal Pradesh
NHPC CHAMERA-II HPS,CHAMERA II,72.0,32.472754,76.253344,300.0,Hydro,Himachal Pradesh
NHPC CHAMERA-III HPS,CHAMERA II,69.23076923076923,32.472754,76.253344,231.0,Hydro,Himachal Pradesh
NHPC CHUTAK HPS,Chutak Hydroelectric Plant,70.58823529411765,34.4587063,76.0745099,44.0,Hydro,Jammu & Kashmir
NHPC DHAULI GANGA HPS,Dhauliganga power house,70.0,29.9253386,80.5713486,280.0,Hydro,Uttarakhand
NHPC DULHASTI HPS,Dul Hasti Dam,61.53846153846154,33.369161,75.7983041,390.0,Hydro,Jammu & Kashmir
NHPC KISHANGANGA HPS,Kishanganga Hydroelectric Plant,81.48148148148148,34.4635286,74.6448791,330.0,Hydro,Jammu & Kashmir
NHPC LOKTAK HPS,Loktak hydro power station,70.58823529411765,24.5873732,93.6697334,105.0,Hydro,Manipur
NHPC PARBATI-II HPS,Parbati-II,100.0,31.7837635,77.3277855,600.0,Hydro,Himachal Pradesh
NHPC PARBATI-III HPS,Parbati-III,100.0,31.7855112,77.3319587,520.0,Hydro,Himachal Pradesh
NHPC SALAL HPS,Salal Powerhouse,66.66666666666666,33.1398438,74.8106222,690.0,Hydro,Jammu & Kashmir
NHPC SEWA-II HPS,SEWA-II,100.0,32.6765149,75.8214702,120.0,Hydro,Jammu & Kashmir
NHPC TANAKPUR HPS,NTPC Tanda,69.56521739130434,26.588535,82.5996539,94.2,Hydro,Uttarakhand
NHPC TEESTA LOW DAM-III HPS,Teesta V,85.71428571428571,27.2514344,88.4591487,132.0,Hydro,West Bengal
NHPC TEESTA LOW DAM-IV HPS,Teesta V,85.71428571428571,27.2514344,88.4591487,160.0,Hydro,West Bengal
NHPC TEESTA V HPS,Teesta V,100.0,27.2514344,88.4591487,510.0,Hydro,Sikkim
NLC BARSINGSAR LIGNITE,Barsingsar Thermal Power Station,62.5,27.8461113,73.1982407,250.0,Steam,Rajasthan
NLC NEYVELI NEW TPP,Neyveli New Thermal Power Station,84.61538461538461,11.5896913,79.4515461,1000.0,Steam,Tamil Nadu
NPCIL KAIGA,NTPC Khavda,63.63636363636363,24.1385505,69.5035028,880.0,Nuclear,Karnataka
NPCIL KAKRAPARA,Kakarani,69.56521739130434,17.2788656,79.1890205,1840.0,Nuclear,Gujarat
NPCIL KUDANKULAM,Kudankulam Nuclear Power Plant,76.92307692307692,8.1725383,77.7055336,2000.0,Nuclear,Tamil Nadu
NPCIL TARAPUR,Tarapur Atomic Power Station,70.0,19.8325926,72.6691512,1400.0,Nuclear,Maharashtra
NPGCL NABINAGAR STPP,Nabinagar Thermal Power Project,75.0,24.702005,84.0908206,1980.0,Steam,Bihar
NPL RAJPURA TPP,Captive Power Plant Rajpura Dariba,77.77777777777777,24.9662472,74.1212877,1400.0,Steam,Punjab
NSPCL BHILAI TPS,Bhilai 500 MW Expansion Power Project,66.66666666666666,21.1882014,81.4243243,500.0,Steam,Chhattisgarh
NTECL VALLUR TPP,Vallur Thermal Power Station,66.66666666666666,13.2369124,80.3067214,1500.0,Steam,Tamil Nadu
NTPC ANTA CCPP,NTPC Tanda,84.21052631578948,26.588535,82.5996539,419.33,GT-Gas,Rajasthan
NTPC AURAIYA CCPP,Auraiya Thermal Power Station,73.6842105263158,26.631137,79.5278234,663.36,GT-Gas,Uttar PradeCshentral Sector
NTPC BARAUNI TPS,NTPC Mandsaur,64.0,24.0877787,75.7954824,710.0,Steam,Bihar
NTPC BONGAIGAON TPP,Bongaigaon coal power plant,80.0,26.4437565,90.3633492,750.0,Steam,Assam
NTPC DADRI (NCTPP),Dadri,100.0,28.5787982,77.6317173,1820.0,Steam,Uttar PradeCshentral Sector
NTPC DADRI CCPP,Dadri,100.0,28.5787982,77.6317173,829.78,GT-Gas,Uttar PradeCshentral Sector
NTPC DARLIPALI STPS,Darlipali Super Thermal Power Station,64.28571428571428,21.9676335,83.8945734,1600.0,Steam,Odisha
NTPC FARIDABAD CCPP,Faridabad Thermal Power Plant,78.26086956521739,28.3454961,77.3599278,431.59,GT-Gas,Haryana
NTPC GADARWARA TPP,Gadarwara Super Thermal Power Station,78.26086956521739,22.8630384,78.8643595,1600.0,Steam,Madhya PraCdeensthral Sector
NTPC GANDHAR CCPP,NTPC Tanda,81.81818181818181,26.588535,82.5996539,657.3900000000001,GT-Gas,Gujarat
NTPC KAHALGAON TPS,Kahalgaon Thermal Power Station,78.26086956521739,25.2390895,87.2663069,2340.0,Steam,Bihar
NTPC KAWAS CCPP,NTPC Khavda,76.19047619047619,24.1385505,69.5035028,656.2,GT-Gas,Gujarat
NTPC KHARGONE STPP,Khargone power station,76.19047619047619,22.061584,75.8593458,1320.0,Steam,Madhya PraCdeensthral Sector
NTPC KOLDAM,NTPC Khavda,72.72727272727272,24.1385505,69.5035028,800.0,Hydro,Himachal Pradesh
NTPC KUDGI STPP,Kudgi Super Thermal Power Project,66.66666666666666,16.5053241,75.8371387,2400.0,Steam,Karnataka
NTPC LARA TPP,NTPC Tanda,73.6842105263158,26.588535,82.5996539,1600.0,Steam,Chhattisgarh
NTPC MAUDA TPS,NTPC Tanda,80.0,26.588535,82.5996539,2320.0,Steam,MaharashtrCaentral Sector
NTPC NORTH KARANPURA STPP,North Karanpura Thermal Power Station,85.71428571428571,23.8489101,85.0121078,1320.0,Steam,Jharkhand
NTPC R. GANDHI CCPP (Liq.),Gandhi Sagar,66.66666666666666,24.7013783,75.5539386,359.58000000000004,GT-Gas,Kerala
NTPC RAMAGUNDEM STPS,NTPC Mandsaur,60.60606060606061,24.0877787,75.7954824,2600.0,Steam,Telangana
NTPC RIHAND STPS,Rihand,100.0,24.2034607,83.0072012,3000.0,Steam,Uttar PradeCshentral Sector
NTPC SIMHADRI,Simhadri Super Thermal Power Station,76.19047619047619,17.5938397,83.0952453,2000.0,Steam,Andhra PradCeesnhtral Sector
NTPC SINGRAULI STPS,Singrauli Super Thermal Power Station,64.28571428571428,24.1053291,82.7065171,2000.0,Steam,Uttar PradeCshentral Sector
NTPC SOLAPUR STPS,NTPC Mandsaur,60.0,24.0877787,75.7954824,1320.0,Steam,MaharashtrCaentral Sector
NTPC TANDA TPS,NTPC Tanda,100.0,26.588535,82.5996539,1760.0,Steam,Uttar PradeCshentral Sector
NTPC TELANGANA STPP PH-1,Telangana II Solar Power Plant,64.28571428571428,16.1527501,77.7629645,1600.0,Steam,Telangana
NTPC UNCHAHAR TPS,Unchahar,100.0,25.8887578,81.3142883,1550.0,Steam,Uttar PradeCshentral Sector
NTPC VINDHYACHAL STPS,Vindhyachal,100.0,24.1050321,82.6740608,4760.0,Steam,Madhya PraCdeensthral Sector
NTPL NTPL TUTICORIN TPP,Tuticorin Thermal Power Station,78.26086956521739,8.7627686,78.1759041,1000.0,Steam,Tamil Nadu
NUPPL GHATAMPUR TPP,Ghatampur Thermal Power Station,75.0,25.9733824,80.189846,660.0,Steam,Uttar PradeCshentral Sector
OHPC BALIMELA HPS,Balimela Power House,76.19047619047619,18.2074394,82.0603778,510.0,Hydro,Odisha
OHPC CHIPLIMA HPS,Chiplima Hydro Electric Project,76.19047619047619,21.3528497,83.9167645,72.0,Hydro,Odisha
OHPC HIRAKUD HPS,Hirakud Captive Power Plant,73.6842105263158,21.5299494,83.9064635,287.8,Hydro,Odisha
OHPC RENGALI HPS,Rengali Hydroelectric Power Plant,73.6842105263158,21.2755523,85.0352057,250.0,Hydro,Odisha
OHPC UPPER INDRAVATI HPS,Indravati Dam,81.81818181818181,19.4269759,82.8595848,600.0,Hydro,Odisha
OHPC UPPER KOLAB HPS,Upper Kolab Hydro Electric Project,81.48148148148148,18.8316295,82.593731,320.0,Hydro,Odisha
ONGC TRIPURA CCPP,ONGC Tripura (Palatana) Power Plant,100.0,23.4955669,91.4389992,726.6,GT-Gas,Tripura
PGPL MANGAON CCPP,Mangaon Combined Cycle Power Plant,73.6842105263158,18.4079896,73.3615963,388.0,GT-Gas,MaharashtrParivate Sector
PSPCL ANANDPUR SAHIB-I HPS,Anandpur Sahib Power House I,68.0,31.2713678,76.493939,67.0,Hydro,Punjab
PSPCL ANANDPUR SAHIB-II HPS,Anandpur Sahib Power House I,66.66666666666666,31.2713678,76.493939,67.0,Hydro,Punjab
PSPCL GOINDWAL SAHIB TPP,Goindwal Sahib thermal Power plant,82.35294117647058,31.3900472,75.1524946,540.0,Steam,Punjab
PSPCL RANJIT SAGAR HPS,Ranjit Sagar hydro power station,80.0,32.4398082,75.7311137,600.0,Hydro,Punjab
PSPCL SHANAN HPS,Shanan Power Project,66.66666666666666,31.9901288,76.8080404,110.0,Hydro,Himachal Pradesh
RATTANINDIA AMRAVATI TPS,RattanIndia Nashik Thermal Power Project,70.96774193548387,19.8637411,74.0897983,1350.0,Steam,MaharashtrParivate Sector
RGPPL RATNAGIRI CCPP,Ratnagiri Gas & Power Private Limited,75.0,17.5631822,73.1644085,1967.08,GT-Gas,MaharashtrCaentral Sector
RKMPPL UCHPINDA TPP,Uchpinda Power Station,69.56521739130434,21.886745,83.1205846,1440.0,Steam,Chhattisgarh
RPCL YERMARUS TPP,Yermarus Thermal Power Station,76.19047619047619,16.295816,77.3581065,1600.0,Steam,Karnataka
RPGPL MIHAN TPS,Mihan Sez Power Plant,62.5,21.036851,78.9353006,246.0,Steam,MaharashtrParivate Sector
RRVUNL DHOLPUR CCPP,Dholpur Combined Power Station,66.66666666666666,26.7018036,77.8501849,330.0,GT-Gas,Rajasthan
RRVUNL JAWAHAR SAGAR HPS,Jawahar Sagar Hydel Power Station,78.78787878787878,25.0386855,75.6773794,99.0,Hydro,Rajasthan
RRVUNL KALISINDH TPS,Kalisindh Thermal Power Station,72.0,24.5258055,76.0957413,1200.0,Steam,Rajasthan
RRVUNL KOTA TPS,Kotagulla,60.0,14.164505,78.1425574,1240.0,Steam,Rajasthan
RRVUNL RAMGARH CCPP,Ramgarh Gas Thermal Power Station,66.66666666666666,27.3377331,70.5340733,273.5,GT-Gas,Rajasthan
RRVUNL SURATGARH STPS,Suratgarh Super Thermal Power Plant,60.0,29.1716299,74.0173417,1320.0,Steam,Rajasthan
RRVUNL SURATGARH TPS,Suratgarh Super Thermal Power Plant,72.0,29.1716299,74.0173417,1500.0,Steam,Rajasthan
SCCL SINGARENI TPP,Singareni Thermal Power Plant,78.26086956521739,18.8221821,79.572325,1200.0,Steam,Telangana
SCL SHREE CEMENT LTD TPS,Shree Ras Cement Power Station,75.0,26.2631026,74.1875606,300.0,Steam,Rajasthan
SCPL RATIJA TPS,Ratija Power Project,70.58823529411765,22.3405148,82.4955104,100.0,Steam,Chhattisgarh
SEIL PAINAMPURAM TPP,Lingapuram Suzlon,66.66666666666666,18.3155016,78.2042395,1320.0,Steam,Andhra PradPerisvhate Sector
SEPL SIMHAPURI TPS,Simhapuri Power Plant,78.26086956521739,14.206313,80.088014,600.0,Steam,Andhra PradPerisvhate Sector
SEPL SRAVANTHI CCPP,Kashipur Sravanthi power station,78.26086956521739,29.155098,78.9752716,439.0,GT-Gas,Uttarakhand
SEPL TASHIDING HPS,Tashiding Hydroelectric Project,78.26086956521739,27.3125001,88.2804988,97.0,Hydro,Sikkim
SJVNL NAITWAR MORI HEP,Naitwar Mori Hydro Power Station,70.58823529411765,31.0417705,78.0600393,60.0,Hydro,Uttarakhand
SJVNL NATHPA JHAKRI HPS,NATHPA JHAKRI,100.0,31.5641331,77.9801422,1500.0,Hydro,Himachal Pradesh
SJVNL RAMPUR HPS,Rampur Hydro Power Station,66.66666666666666,31.400082,77.5925048,412.02,Hydro,Himachal Pradesh
SKPPPL DIKCHU HPS,DIKCHU,100.0,27.3867318,88.5033971,96.0,Hydro,Sikkim
SKS BINJKOTE TPP,Binjkote Power Station,80.0,22.013822,83.2045015,600.0,Steam,Chhattisgarh
SPL SASAN UMTPP,Sasan UMPP,80.0,23.9709238,82.6243262,3960.0,Steam,Madhya PraPdreivsahte Sector
SPPL SHIRPUR TPP,Shirsuphal,63.63636363636363,18.3153724,74.5685132,300.0,Steam,MaharashtrParivate Sector
SPPL TUTICORIN TPP ST-IV,Tuticorin Thermal Power Station,62.06896551724138,8.7627686,78.1759041,525.0,Steam,Tamil Nadu
TANGEDCO BASIN BRIDGE GT (Liq.),Basin Bridge Gas Turbine Power Station,60.0,13.0981662,80.2697294,120.0,GT-Gas,Tamil Nadu
TANGEDCO BHAWANI KATTAL,Bhavani Kattalai I,68.29268292682927,11.38418,77.7147408,30.0,Hydro,Tamil Nadu
TANGEDCO KODAYAR-I HPS,KODAYAR-I&II,60.0,8.5320356,77.3124928,60.0,Hydro,Tamil Nadu
TANGEDCO KODAYAR-II HPS,KODAYAR-I&II,64.51612903225806,8.5320356,77.3124928,40.0,Hydro,Tamil Nadu
TANGEDCO METTUR DAM HPS,Mettur Dam Power House,68.9655172413793,11.8006979,77.8096193,50.0,Hydro,Tamil Nadu
TANGEDCO METTUR TUNNEL HPS,Mettur Tunnel Power House,74.28571428571428,11.797967,77.8107626,200.0,Hydro,Tamil Nadu
TANGEDCO NORTH CHENNAI TPS,North Chennai Thermal Station,74.28571428571428,13.2489467,80.3277584,1830.0,Steam,Tamil Nadu
TANGEDCO PAPANASAM HPS,PAPANASAM,100.0,8.7065826,77.3626488,32.0,Hydro,Tamil Nadu
TANGEDCO PERIYAR HPS,Lower Periyar Dam,60.869565217391305,9.962295,76.9570456,161.0,Hydro,Tamil Nadu
TANGEDCO SHOLAYAR HPS (TN),SHOLAYAR I&II,76.19047619047619,10.3556277,76.8805432,70.0,Hydro,Tamil Nadu
TANGEDCO SURULIYAR HPS,Suruliyar,100.0,9.6202309,77.2726549,35.0,Hydro,Tamil Nadu
TANGEDCO TUTICORIN TPS,Tuticorin Thermal Power Station,66.66666666666666,8.7627686,78.1759041,1050.0,Steam,Tamil Nadu
TATA MAH. BHIVPURI HPS,TATA Bhivpuri Hydroelectric Power Plant,83.87096774193549,18.9367388,73.4521329,75.0,Hydro,Maharashtra
TATA MAH. KHOPOLI HPS,KHOPOLI,100.0,18.7818379,73.3557639,72.0,Hydro,Maharashtra
TATA PCL JOJOBERA TPS,Jojobera Tata Unit 6 Power Station,86.66666666666667,22.7946128,86.2097801,240.0,Steam,Jharkhand
TATA PCL TROMBAY CCPP,Trombay Thermal Power Station,62.22222222222222,19.0005717,72.8995227,180.0,GT-Gas,MaharashtrParivate Sector
TATA PCL TROMBAY TPS,Trombay Thermal Power Station,62.22222222222222,19.0005717,72.8995227,750.0,Steam,MaharashtrParivate Sector
TCP Limited TCP Limited,Udupi Power Corporation Limited,77.77777777777777,13.1600325,74.8029503,63.5,Steam,Tamil Nadu
THDC KHURJA STPP,Khurja Super Thermal Power Plant,70.58823529411765,28.1601365,77.9126529,660.0,Steam,Uttar PradeCshentral Sector
THDC KOTESHWAR HPS,Koteshwar Dam power plant,78.26086956521739,30.2600714,78.498931,400.0,Hydro,Uttarakhand
TPDDL RITHALA CCPP,Rithala Power Plant,70.0,28.7330743,77.101785,108.0,GT-Gas,Delhi
TRNE NAWAPARA TPP,Nawalpara,72.72727272727272,27.4142381,83.8132774,600.0,Steam,Chhattisgarh
TSECL ROKHIA GT,Rokhia Power Plant,66.66666666666666,23.6260457,91.1950989,63.0,GT-Gas,Tripura
TSGENCO BHADRADRI TPP,Bhadradri Thermal Power Plant,69.23076923076923,18.0282273,80.7394614,1080.0,Steam,Telangana
TSGENCO KAKATIYA TPS,Kakatiya Thermal Power Station,66.66666666666666,18.3830826,79.8293215,1100.0,Steam,Telangana
TSGENCO LOWER JURALA HPS,Jurala,100.0,16.3326059,77.7040679,240.0,Hydro,Telangana
TSGENCO POCHAMPAD HPS,Pochampad hydro power plant,69.23076923076923,18.966724,78.344843,36.0,Hydro,Telangana
TSGENCO PRIYADARSHNI JURALA HPS,Jurala,100.0,16.3326059,77.7040679,234.0,Hydro,Telangana
TSGENCO PULICHINTALA HPS,Pulichintala powerhouse,75.0,16.7738632,80.0527266,120.0,Hydro,Telangana
TSGENCO SRISAILAM LB HPS,Srisailam left power station,62.06896551724138,16.0953046,78.9029278,900.0,Hydro,Telangana
TSGENCO YADADRI TPS,Yadadri Thermal Power Plant,63.63636363636363,16.7088477,79.5740068,800.0,Steam,Telangana
TSPL TALWANDI SABO TPP,Talwandi Sabo Power Limited,83.87096774193549,29.9168901,75.2316807,1980.0,Steam,Punjab
TUL TEESTA-III HPS,Teesta V,63.63636363636363,27.2514344,88.4591487,1200.0,Hydro,Sikkim
TVNL TENUGHAT TPS,Tenughat Thermal Power Plant,76.19047619047619,23.7284894,85.7620738,420.0,Steam,Jharkhand
UJVNL CHILLA HPS,Chilla,100.0,29.9762484,78.2200586,144.0,Hydro,Uttarakhand
UJVNL DHAKRANI HPS,Dhakrani Power Plant,72.72727272727272,30.4560611,77.7366359,33.75,Hydro,Uttarakhand
UJVNL DHALIPUR HPS,Dhalipur Power Plant,72.72727272727272,30.4355708,77.6820158,51.0,Hydro,Uttarakhand
UJVNL KHODRI HPS,Khodri Power Plant,66.66666666666666,30.5085043,77.7999839,120.0,Hydro,Uttarakhand
UJVNL KULHAL HPS,Kulhal Power Plant,66.66666666666666,30.428742,77.6296318,30.0,Hydro,Uttarakhand
UJVNL MANERI BHALI-I HPS,Maneri Bhali I Power Station,62.5,30.7261592,78.4447928,90.0,Hydro,Uttarakhand
UJVNL MANERI BHALI-II HPS,Maneri Bhali II Power Station,64.0,30.6073798,78.3191394,304.0,Hydro,Uttarakhand
UJVNL RAMGANGA HPS,Ramganga Hydroelectric Power Plant,72.72727272727272,29.516921,78.757622,198.0,Hydro,Uttarakhand
UPJVNL KHARA HPS,Usman Khera,60.869565217391305,30.0363009,73.9049274,72.0,Hydro,Uttar Pradesh
UPJVNL MATATILA HPS,Matatila,100.0,25.1002237,78.3719185,30.6,Hydro,Uttar Pradesh
UPJVNL RIHAND HPS,Rihand,100.0,24.2034607,83.0072012,300.0,Hydro,Uttar Pradesh
UPRVUNL JAWAHARPUR STPP,Jawaharpur Super Thermal Power Station,71.42857142857143,27.4990045,78.8287148,1320.0,Steam,Uttar PradeSsthate Sector
UPRVUNL PARICHHA TPS,Parichha Thermal Power Station,66.66666666666666,25.5136804,78.7578375,920.0,Steam,Uttar PradeSsthate Sector
VEDANTA VEDANTA TPP,Vedanta Energy Solar pvt ltd,100.0,14.5563304,76.4587447,600.0,Steam,Odisha
VEMAGIRI VEMAGIRI CCPP,Yadgiri,66.66666666666666,16.6466094,77.2090348,370.0,GT-Gas,Andhra PradPerisvhate Sector
VIP BUTIBORI TPP,Butibori Thermal Power Station,80.0,20.9281374,78.9336336,600.0,Steam,MaharashtrParivate Sector
VVL SALORA TPP,Salora Power Station,75.0,22.4900708,82.6059366,135.0,Steam,Chhattisgarh
WBPDC BAKRESWAR TPS,Bakreshwar TPS,72.0,23.8299977,87.4520014,1050.0,Steam,West BengaSltate Sector
WBPDC BANDEL TPS,Bandel Thermal Power Station,66.66666666666666,22.9979833,88.4028234,270.0,Steam,West BengaSltate Sector
WBPDC KOLAGHAT TPS,Kolaghat Power Plant,72.72727272727272,22.4178163,87.8713127,840.0,Steam,West BengaSltate Sector
WBPDC SAGARDIGHI TPS,Sagardighi Thermal Power Station,76.92307692307692,24.3651675,88.1051775,1600.0,Steam,West BengaSltate Sector
WBPDC SANTALDIH TPS,Santhaldih,72.0,23.602324,86.4662777,500.0,Steam,West BengaSltate Sector
WBSEDCL RAMMAM HPS,RAMMAM,100.0,27.1139477,88.1375197,50.0,Hydro,West Bengal
WPCL WARDHA WARORA TPP,Warora,100.0,20.3010821,79.0245499,540.0,Steam,MaharashtrParivate Sector
