site_id,name,geocoded_lat,geocoded_lon
3305,JSW Steel Plant,11.8144978,77.9172294
3411,Hospet Steels,15.3354813,76.253487
3419,Vedanta Limited,15.659644,73.9894816
3468,JSW Ispat Steel Plant,18.6896371,73.0386687
3536,ArcelorMittal Nippon Steel India,21.1080289,72.6437312
3542,Bhilai Steel Plant,21.1836988,81.3838251
3555,Jayaswal Neco,21.3524,81.6719344
3559,Godavari Power and Isspat Ltd,,
3558,Sarda Energy Minerals Ltd,,
3552,Bajrang Power Ispat,,
3603,Prakash Industries Steel Plant,22.0041089,82.6704582
3607,Singhal Steel And Power,,
3588,IND SYNERGY LTD,,
3589,MSP Steel and Power Ltd,,
3568,Shyam Metallic Energy,21.6758838,84.0432772
3584,SPS Steel And Power,,
3573,Bhushan Power Steel,21.7636146,84.0213506
3490,Tata Steel Meramandali,20.8054294,85.2577668
3500,Angul Steel Plant,20.8753809,84.9962704
3521,IEL Kalinganagar Tata Steel Power Station,20.9728183,85.9998674
3515,Duburi Steel Power Plant,20.96107,86.0514569
3639,Rashmi Steels,,
3650,Tata Steel Jamshedpur,22.7853607,86.1994836
3652,Adityapur Works Power Station,22.8034183,86.0916769
3647,Chaliyama Steel Plant Rungta,,
3477,Indian Metals Ferro Alloys Limited,19.3323961,83.4321859
3462,Mahaamaaya Industries,17.9698422,83.1545906
3670,Durgapur SAIL Power Station,23.5509304,87.2485303
3684,Bokaro Works Power Plant,23.6858841,86.0927666
3391,Danapuram BMM Captive Power Plant,15.1708933,76.3773061
3537,Hazira Power Plant,21.1097973,72.6557195
3654,Coastal Gujarat Power Ltd,22.8200716,69.5188867
3661,Kandla Power Pvt Ltd,,
3602,Prakash Champa Captive Power Station,21.9961731,82.6700854
3593,Raigarh Jindal Power Station,21.9254169,83.3450281
3594,Rungta Kamanda Power Station,21.9290629,85.2240028
3453,Sinter Thermal Power Plant,,
3472,Hindustan Petroleum Refinery,26.1788619,91.8199646
3635,Reliance Refinery,22.3367885,69.8544841
3800,Guru Gobind Singh Refinery,29.9178938,74.9553696
3794,IOCL Oil Refinery,22.0420968,88.1054272
3457,Hindustan Petroleum Corporation Limited,17.6942802,83.2450028
3331,Chennai Petroleum Corporation,13.0423972,80.2472559
3729,Amlohri Coal Mines,,
3660,Chirimiri Open Cast Coal Mines,,
3597,BGR Mining And Infra,,
3512,Lingaraj Opencast Mining Project,,
