lat_rounded,long_rounded,days_active,total_detections,has_facility,facility_name
8.01,80.6,1,1,,
8.01,81.3,1,1,,
8.02,80.31,1,1,,
8.02,80.36,1,1,,
8.02,80.62,1,2,,
8.02,80.63,1,1,,
8.02,81.31,1,1,,
8.02,81.42,1,1,,
8.02,81.43,1,2,,
8.03,80.62,1,1,,
8.03,80.63,1,1,,
8.03,81.17,1,2,,
8.03,81.41,1,1,,
8.04,80.35,1,1,,
8.04,80.61,1,1,,
8.05,80.1,1,1,,
8.05,80.25,1,1,,
8.05,81.32,1,1,,
8.06,79.87,1,1,,
8.06,80.1,1,1,,
8.06,80.25,1,1,,
8.06,80.64,1,1,,
8.06,80.65,1,1,,
8.07,80.61,1,1,,
8.07,80.64,1,1,,
8.08,80.18,1,1,,
8.08,80.78,1,1,,
8.09,79.93,1,1,,
8.09,80.78,1,1,,
8.09,81.37,1,2,,
8.09,81.39,1,1,,
8.1,81.1,1,1,,
8.11,80.6,1,1,,
8.11,80.81,1,2,,
8.12,80.15,1,1,,
8.12,80.52,1,1,,
8.12,80.56,1,1,,
8.12,80.8,1,1,,
8.12,80.81,2,6,,
8.12,80.82,1,1,,
8.13,80.03,1,1,,
8.13,80.1,1,1,,
8.13,80.55,2,2,,
8.13,80.81,1,1,,
8.13,80.82,1,1,,
8.15,80.06,1,1,,
8.15,81.14,1,1,,
8.16,80.46,1,1,,
8.16,80.68,1,2,,
8.17,80.63,1,1,,
8.17,81.08,1,1,,
8.17,81.31,1,1,,
8.18,80.58,1,1,,
8.19,80.1,1,1,,
8.21,80.58,1,1,,
8.21,80.69,2,2,,
8.22,80.98,2,2,,
8.22,81.08,1,1,,
8.23,80.33,1,2,,
8.23,80.6,1,1,,
8.24,80.11,1,1,,
8.24,80.16,1,1,,
8.24,80.17,1,1,,
8.24,80.64,1,2,,
8.24,80.65,1,1,,
8.25,80.26,1,1,,
8.25,80.33,1,1,,
8.25,80.78,1,2,,
8.26,80.11,1,1,,
8.26,80.12,1,1,,
8.26,80.15,1,1,,
8.26,80.25,1,1,,
8.26,80.26,1,1,,
8.26,80.32,1,1,,
8.27,80.15,1,1,,
8.27,80.33,1,1,,
8.28,81.0,1,1,,
8.29,80.18,1,1,,
8.29,80.2,1,1,,
8.29,80.58,1,1,,
8.31,80.6,1,1,,
8.31,81.01,1,1,,
8.32,80.23,1,1,,
8.32,80.29,1,1,,
8.33,80.28,1,1,,
8.33,80.77,1,1,,
8.34,80.27,1,1,,
8.35,80.18,1,1,,
8.35,80.55,1,1,,
8.35,80.74,1,3,,
8.35,80.75,1,1,,
8.36,80.59,1,1,,
8.36,80.75,1,1,,
8.37,80.18,1,1,,
8.37,80.21,1,1,,
8.37,80.22,1,1,,
8.38,80.18,1,1,,
8.39,80.21,1,2,,
8.39,80.29,1,1,,
8.39,80.3,1,1,,
8.39,80.79,1,1,,
8.39,81.02,1,1,,
8.39,81.03,1,1,,
8.4,80.43,2,3,,
8.4,80.63,1,1,,
8.4,80.68,1,1,,
8.4,81.04,1,1,,
8.4,81.06,2,3,,
8.41,81.06,1,2,,
8.42,80.34,1,1,,
8.42,80.38,1,1,,
8.42,80.42,1,1,,
8.42,80.45,1,1,,
8.43,80.35,2,2,,
8.43,80.38,1,2,,
8.43,80.46,1,2,,
8.43,80.51,1,4,,
8.43,80.56,1,1,,
8.43,80.84,1,1,,
8.44,80.67,1,1,,
8.44,81.09,1,1,,
8.44,81.1,1,1,,
8.45,80.18,1,1,,
8.45,80.22,1,1,,
8.45,80.24,1,1,,
8.45,80.66,1,1,,
8.45,81.1,1,1,,
8.46,80.4,1,1,,
8.46,80.5,2,2,,
8.46,80.51,1,1,,
8.46,80.63,1,1,,
8.46,80.79,1,1,,
8.46,80.81,1,1,,
8.46,81.1,1,1,,
8.46,81.11,1,2,,
8.46,81.12,1,1,,
8.47,80.49,1,2,,
8.47,80.66,1,1,,
8.47,80.83,1,1,,
8.48,80.33,1,1,,
8.48,80.46,2,2,,
8.48,80.5,1,1,,
8.48,80.76,1,1,,
8.48,80.79,1,1,,
8.48,80.8,1,1,,
8.48,80.83,2,3,,
8.49,80.47,1,1,,
8.49,80.74,1,1,,
8.49,80.75,1,1,,
8.49,80.76,1,1,,
8.49,80.82,1,1,,
8.5,80.21,1,1,,
8.5,80.25,1,1,,
8.5,80.62,1,1,,
8.5,80.66,1,1,,
8.5,80.74,1,1,,
8.51,80.16,1,2,,
8.51,80.18,1,1,,
8.51,80.24,1,1,,
8.51,80.54,1,1,,
8.51,80.55,1,1,,
8.51,80.6,1,1,,
8.51,80.76,1,1,,
8.51,80.77,1,1,,
8.51,80.79,1,1,,
8.51,80.83,1,1,,
8.52,80.28,1,1,,
8.52,80.42,1,1,,
8.52,80.6,1,1,,
8.52,80.82,1,1,,
8.53,80.43,1,3,,
8.53,80.83,1,1,,
8.54,80.43,1,1,,
8.54,80.52,1,1,,
8.54,80.77,1,1,,
8.54,80.85,1,1,,
8.54,80.88,1,1,,
8.55,80.37,1,1,,
8.55,80.64,1,1,,
8.55,80.75,1,1,,
8.56,80.63,1,1,,
8.56,80.66,1,1,,
8.56,80.72,1,1,,
8.56,80.73,1,1,,
8.56,80.74,1,1,,
8.56,80.75,1,1,,
8.56,80.87,1,1,,
8.56,80.9,1,1,,
8.57,80.4,1,2,,
8.57,80.59,1,1,,
8.57,80.78,1,1,,
8.57,80.84,1,1,,
8.57,80.9,1,1,,
8.58,80.36,1,1,,
8.58,80.37,1,2,,
8.58,80.78,1,1,,
8.59,80.52,1,1,,
8.59,80.64,1,1,,
8.6,77.97,1,1,,
8.6,80.56,1,1,,
8.6,80.84,1,1,,
8.61,80.49,1,2,,
8.61,80.83,1,1,,
8.61,80.97,1,1,,
8.61,80.98,1,1,,
8.62,77.99,1,1,,
8.62,80.37,1,1,,
8.62,80.41,1,1,,
8.62,80.69,1,1,,
8.62,80.7,1,1,,
8.63,80.37,1,1,,
8.63,80.42,1,1,,
8.63,80.51,1,1,,
8.63,80.52,1,2,,
8.63,80.68,1,1,,
8.63,80.8,1,1,,
8.63,80.99,1,1,,
8.63,81.0,2,2,,
8.63,81.01,2,4,,
8.63,81.02,1,2,,
8.64,78.06,1,2,,
8.64,80.64,1,1,,
8.64,80.65,1,1,,
8.64,81.0,1,2,,
8.64,81.01,2,2,,
8.65,80.33,1,1,,
8.65,80.63,1,1,,
8.65,80.86,1,1,,
8.65,80.87,1,2,,
8.65,81.01,1,1,,
8.65,81.06,1,1,,
8.66,80.48,1,1,,
8.66,80.5,1,1,,
8.66,80.51,1,1,,
8.66,80.83,1,1,,
8.67,77.4,1,1,,
8.67,80.26,1,1,,
8.67,80.84,1,3,,
8.68,80.7,1,1,,
8.68,80.81,1,1,,
8.69,80.35,1,1,,
8.69,80.36,1,2,,
8.69,80.38,1,1,,
8.69,80.8,1,1,,
8.69,81.02,1,2,,
8.7,77.8,1,1,,
8.7,80.29,1,1,,
8.7,80.4,1,1,,
8.7,80.86,2,3,,
8.7,80.87,1,1,,
8.7,81.02,1,2,,
8.7,81.13,1,1,,
8.72,80.77,1,1,,
8.73,77.86,1,1,,
8.73,80.96,1,1,,
8.75,77.44,1,1,,
8.75,80.53,2,4,,
8.75,80.54,2,3,,
8.75,81.0,1,1,,
8.76,78.1,1,1,,
8.77,80.1,1,1,,
8.79,80.33,1,1,,
8.79,80.34,1,1,,
8.79,80.56,1,1,,
8.79,80.59,1,1,,
8.8,80.39,1,2,,
8.8,80.56,1,1,,
8.8,80.57,1,1,,
8.8,80.59,1,1,,
8.81,77.84,1,1,,
8.81,80.57,1,1,,
8.81,80.58,1,1,,
8.81,80.85,1,1,,
8.81,81.0,1,3,,
8.82,81.0,1,1,,
8.83,80.47,1,1,,
8.83,80.86,1,1,,
8.83,80.99,1,1,,
8.84,80.45,1,1,,
8.85,77.7,1,1,,
8.85,80.33,1,1,,
8.85,80.74,1,2,,
8.87,80.74,1,1,,
8.88,80.66,1,1,,
8.89,77.41,1,1,,
8.89,80.59,1,1,,
8.89,80.86,1,1,,
8.9,80.88,1,2,,
8.91,80.88,1,2,,
8.92,80.45,1,1,,
8.92,80.54,1,1,,
8.92,80.69,1,1,,
8.92,80.79,1,1,,
8.92,80.88,1,1,,
8.93,77.47,1,1,,
8.93,80.78,1,1,,
8.93,80.79,1,1,,
8.94,77.83,1,1,,
8.94,80.38,1,1,,
8.94,80.78,1,3,,
8.94,80.89,2,3,,
8.95,80.46,1,1,,
8.95,80.81,1,1,,
8.95,80.87,1,1,,
8.96,80.58,1,1,,
8.96,80.59,1,1,,
8.96,80.77,1,1,,
8.96,80.88,1,1,,
8.97,80.38,1,1,,
8.97,80.59,1,1,,
8.97,80.82,1,1,,
8.97,80.89,1,1,,
8.98,80.59,1,2,,
8.98,80.79,1,1,,
8.98,80.83,1,2,,
9.0,80.66,1,1,,
9.0,80.78,1,1,,
9.0,80.81,1,1,,
9.04,80.45,1,1,,
9.08,80.41,1,1,,
9.08,80.47,1,1,,
9.1,77.46,1,2,,
9.1,80.49,1,1,,
9.18,77.53,1,1,,
9.18,78.23,1,2,,
9.2,77.64,1,1,,
9.21,80.63,1,1,,
9.22,80.32,2,2,,
9.22,80.67,1,1,,
9.23,78.75,1,1,,
9.24,77.46,1,1,,
9.26,80.72,1,1,,
9.31,78.8,1,1,,
9.33,77.7,1,1,,
9.34,76.6,1,1,,
9.34,77.67,1,1,,
9.35,77.67,1,2,,
9.35,78.82,1,1,,
9.38,80.32,1,1,,
9.38,80.43,1,1,,
9.38,80.52,2,2,,
9.39,78.89,1,1,,
9.39,80.47,1,1,,
9.4,80.45,1,2,,
9.4,80.46,1,1,,
9.41,80.43,1,1,,
9.41,80.46,1,1,,
9.41,80.58,1,2,,
9.42,80.46,1,2,,
9.45,80.5,1,1,,
9.46,80.48,1,1,,
9.48,78.22,1,1,,
9.53,78.65,1,1,,
9.56,78.24,1,1,,
9.62,77.48,1,1,,
9.62,78.12,1,1,,
9.63,80.33,1,1,,
9.69,77.82,1,1,,
9.76,79.02,1,1,,
9.76,80.19,1,1,,
9.78,77.52,1,1,,
9.78,80.19,1,1,,
9.84,77.44,1,2,,
9.94,77.49,1,1,,
9.95,77.49,1,1,,
9.96,79.1,1,1,,
9.96,79.11,1,1,,
10.13,79.13,1,1,,
10.17,78.79,1,1,,
10.17,78.8,1,1,,
10.27,77.25,1,3,,
10.27,77.26,1,2,,
10.28,78.88,1,1,,
10.31,79.34,1,1,,
10.42,79.25,1,2,,
10.43,79.25,1,1,,
10.44,77.51,1,1,,
10.54,79.22,1,1,,
10.62,77.42,3,3,True,Unnamed Facility
10.62,77.5,1,1,,
10.66,77.38,1,1,,
10.71,79.43,1,1,,
10.76,79.56,1,1,,
10.79,79.03,1,1,,
10.83,78.83,1,1,,
10.83,79.18,1,1,,
10.83,79.19,1,1,,
10.86,78.95,1,1,,
10.88,79.25,1,1,,
10.91,77.42,1,1,,
10.93,77.07,1,1,,
10.99,78.22,1,1,,
11.01,77.13,1,1,,
11.17,79.59,1,1,,
11.19,79.82,1,1,,
11.27,80.0,1,1,,
11.42,77.48,1,1,,
11.45,79.55,1,1,,
11.48,77.62,1,2,,
11.49,78.88,1,1,,
11.56,77.71,1,1,,
11.57,79.64,1,1,,
11.64,77.66,1,1,,
11.72,76.97,1,1,,
11.72,79.2,1,1,,
11.72,79.21,1,1,,
11.73,76.77,1,1,,
11.77,76.94,1,2,,
11.81,79.63,1,1,,
11.82,77.92,1,1,,
11.86,78.73,1,1,,
11.89,78.72,1,1,,
11.91,78.92,1,1,,
11.96,78.8,1,2,,
12.05,78.37,1,1,,
12.06,77.02,1,1,,
12.09,76.79,1,1,,
12.09,76.8,1,1,,
12.09,79.03,1,1,,
12.1,76.79,1,1,,
12.1,76.8,1,1,,
12.1,77.06,1,1,,
12.6,76.35,1,1,,
12.63,79.35,1,1,,
12.63,79.79,1,1,,
12.69,79.23,1,1,,
12.74,77.62,2,2,,
12.75,92.88,1,1,,
12.81,77.76,1,1,,
12.81,79.96,1,1,,
12.84,79.94,1,1,,
12.86,79.94,1,2,,
12.87,80.07,1,1,,
12.93,76.33,1,1,,
13.14,79.26,1,1,,
13.16,80.28,2,3,,
13.16,80.29,1,2,,
13.29,78.12,1,1,,
13.3,80.07,1,2,,
13.34,77.91,1,1,,
13.39,78.55,1,1,,
13.39,78.56,1,1,,
13.39,80.08,1,1,,
13.39,80.1,1,1,,
13.42,75.98,1,1,,
13.67,78.36,1,1,,
13.71,79.62,2,2,,
13.77,76.63,1,1,,
13.87,79.33,1,1,,
13.89,77.38,1,1,,
13.9,76.56,2,2,,
13.91,78.07,1,1,,
13.93,78.32,1,2,,
13.98,78.95,1,1,,
13.99,78.45,1,1,,
14.04,80.13,1,1,,
14.07,79.44,1,1,,
14.15,77.59,1,2,,
14.21,79.23,1,1,,
14.28,76.64,1,1,,
14.3,77.58,1,1,,
14.3,79.05,1,1,,
14.36,78.78,1,2,,
14.47,77.34,1,1,,
14.48,77.53,1,1,,
14.53,79.06,1,1,,
14.55,77.49,1,1,,
14.57,79.94,1,3,,
14.59,76.57,1,1,,
14.59,78.58,1,1,,
14.61,78.52,1,1,,
14.65,75.44,1,1,,
14.67,79.0,1,1,,
14.67,79.77,1,1,,
14.69,79.74,1,2,,
14.77,77.05,1,1,,
14.78,79.66,1,1,,
14.78,79.8,1,1,,
14.87,78.05,1,1,,
14.88,78.05,1,1,,
14.89,79.23,2,2,,
14.9,77.5,1,1,,
14.95,75.19,1,1,,
14.96,75.92,1,1,,
14.96,79.64,1,2,,
15.02,78.01,1,1,,
15.02,78.02,1,1,,
15.05,77.11,1,1,,
15.07,76.86,1,1,,
15.07,76.87,3,3,True,Unnamed Facility
15.09,77.32,2,2,,
15.12,94.78,1,2,,
15.13,94.78,1,2,,
15.14,76.71,1,1,,
15.16,78.87,1,1,,
15.17,76.38,3,6,False,
15.17,76.66,2,5,,
15.17,76.67,1,2,,
15.17,76.68,1,1,,
15.17,76.69,2,2,,
15.17,76.79,1,1,,
15.18,76.64,1,1,,
15.18,76.65,2,2,,
15.18,76.66,3,10,True,Jindal Steel Works
15.18,76.67,3,8,False,
15.18,76.68,2,3,,
15.18,77.1,4,5,False,
15.19,76.32,1,2,,
15.19,76.65,1,1,,
15.19,76.66,1,1,,
15.23,76.76,2,3,,
15.23,76.77,2,2,,
15.3,76.22,2,2,,
15.31,76.25,1,1,,
15.33,76.29,3,3,True,Unnamed Facility
15.34,76.25,1,1,,
15.34,76.29,1,1,,
15.41,80.13,1,1,,
15.45,79.13,1,1,,
15.53,73.99,1,1,,
15.55,78.13,1,1,,
15.57,78.94,1,1,,
15.6,79.62,1,1,,
15.66,73.99,2,3,,
15.69,80.02,1,1,,
15.79,78.28,1,1,,
15.83,79.52,1,1,,
15.93,78.2,1,1,,
15.98,78.41,1,1,,
16.12,79.98,1,1,,
16.18,75.15,1,1,,
16.27,78.4,1,1,,
16.28,80.32,1,1,,
16.36,81.29,1,1,,
16.43,79.46,1,1,,
16.46,79.6,1,1,,
16.49,79.95,1,1,,
16.52,78.36,1,1,,
16.55,79.76,1,1,,
16.6,77.4,1,1,,
16.84,76.58,1,1,,
16.87,79.29,1,2,,
16.88,79.99,1,1,,
16.88,80.85,1,1,,
16.91,79.91,1,1,,
17.01,79.93,1,1,,
17.05,75.64,1,2,,
17.07,78.59,1,1,,
17.14,77.18,1,1,,
17.14,77.19,1,1,,
17.25,78.81,1,1,,
17.32,82.25,1,1,,
17.42,82.34,1,2,,
17.46,80.65,1,1,,
17.59,80.32,1,1,,
17.6,83.19,1,1,,
17.6,83.2,1,1,,
17.61,83.2,4,5,True,Unnamed Facility
17.61,83.21,3,4,False,
17.63,82.57,1,1,,
17.69,83.24,1,1,,
17.69,83.25,1,1,,
17.76,75.82,1,1,,
17.91,83.45,1,1,,
17.96,80.79,4,7,False,
17.96,80.8,2,2,,
17.97,83.15,1,1,,
18.04,74.86,1,1,,
18.27,74.2,1,1,,
18.31,82.38,1,1,,
18.49,74.2,1,1,,
18.68,73.04,1,1,,
18.69,73.04,2,3,,
18.7,72.34,1,1,,
18.72,79.51,1,1,,
18.72,79.54,4,7,False,
19.02,72.89,1,1,,
19.09,82.17,2,3,,
19.1,82.16,2,2,,
19.1,82.17,5,16,True,Nagarnar Steel Plant
19.28,71.43,1,1,,
19.33,83.43,1,1,,
19.82,79.24,1,1,,
19.92,79.11,1,1,,
19.93,79.12,2,2,,
19.94,73.71,2,2,,
19.96,79.34,1,1,,
20.53,85.91,1,2,,
20.66,78.5,1,1,,
20.7,78.64,2,2,,
20.76,85.29,4,6,False,
20.76,85.3,2,4,,
20.79,85.25,3,4,True,Tata Steel Meramandali
20.79,85.26,4,9,True,Tata Steel Meramandali
20.79,85.27,1,1,,
20.8,85.25,2,2,,
20.8,85.26,1,3,,
20.81,85.25,1,2,,
20.81,85.26,3,4,False,
20.82,71.07,1,1,,
20.86,84.98,1,1,,
20.86,84.99,4,10,True,Angul Steel Plant
20.86,85.0,1,1,,
20.87,84.99,4,9,True,Unnamed Facility
20.87,85.0,1,3,,
20.87,96.39,1,1,,
20.88,84.98,1,2,,
20.89,84.98,4,8,True,Unnamed Facility
20.89,84.99,1,1,,
20.91,71.46,3,4,True,Unnamed Facility
20.95,86.04,2,3,,
20.95,86.05,2,5,,
20.96,85.01,3,4,False,
20.96,85.16,1,1,,
20.96,85.17,2,4,,
20.96,85.18,3,6,True,Unnamed Facility
20.96,85.19,3,8,True,Unnamed Facility
20.96,86.0,1,1,,
20.96,86.01,4,5,True,TATA Steel
20.96,86.05,1,1,,
20.97,85.15,2,4,,
20.97,85.16,1,1,,
20.97,85.17,3,16,False,
20.97,85.18,3,7,False,
20.97,85.19,1,1,,
20.97,86.0,3,4,False,
20.97,86.01,4,11,True,TATA Steel
20.97,86.02,2,2,,
20.98,85.13,2,3,,
20.98,85.14,2,2,,
20.98,85.17,2,5,,
21.0,86.01,1,2,,
21.0,86.03,1,1,,
21.07,85.04,1,1,,
21.07,85.05,1,1,,
21.08,85.03,2,2,,
21.08,85.04,2,5,,
21.1,72.63,2,2,,
21.1,72.64,4,6,True,ArcelorMittal Nippon Steel India
21.1,72.65,2,3,,
21.11,72.64,2,4,,
21.11,72.65,3,6,True,ArcelorMittal Nippon Steel India
21.18,81.38,2,2,,
21.18,81.39,3,4,False,
21.19,81.2,1,1,,
21.19,81.39,3,6,True,Bhilai Steel Plant
21.19,81.4,1,1,,
21.19,81.41,1,1,,
21.19,81.42,1,1,,
21.2,81.42,1,1,,
21.23,79.63,1,1,,
21.24,79.22,1,1,,
21.24,94.85,1,2,,
21.25,79.21,1,1,,
21.25,81.77,1,1,,
21.31,81.58,1,1,,
21.31,81.59,1,1,,
21.33,78.97,1,1,,
21.34,78.97,3,5,False,
21.34,81.67,1,1,,
21.35,81.67,1,1,,
21.37,81.64,1,1,,
21.37,81.68,1,2,,
21.38,81.68,2,3,,
21.43,72.98,1,1,,
21.49,81.77,2,2,,
21.54,81.95,1,1,,
21.56,81.75,1,1,,
21.58,82.02,2,2,,
21.62,81.79,3,3,False,
21.67,82.08,1,1,,
21.68,82.08,1,1,,
21.68,84.04,3,8,True,Shyam Metallic & Energy
21.73,82.22,1,1,,
21.74,83.84,4,9,True,Unnamed Facility
21.75,83.84,4,14,True,Unnamed Facility
21.75,83.85,3,5,True,Unnamed Facility
21.75,84.02,1,1,,
21.76,83.82,1,1,,
21.76,83.84,4,8,True,Unnamed Facility
21.76,83.85,3,8,True,Unnamed Facility
21.76,84.02,2,4,,
21.77,84.02,2,5,,
21.79,80.02,1,2,,
21.79,83.99,1,1,,
21.8,82.04,2,2,,
21.8,83.88,1,1,,
21.8,83.89,2,3,,
21.82,83.99,1,1,,
21.83,83.9,1,1,,
21.86,83.97,2,2,,
21.87,83.5,1,1,,
21.88,83.5,2,2,,
21.88,83.55,1,1,,
21.88,83.56,3,3,True,Unnamed Facility
21.9,83.98,1,1,,
21.92,83.34,1,1,,
21.92,83.35,4,7,True,Jindal Steel Works
21.92,85.22,2,2,,
21.93,85.22,1,2,,
21.94,81.98,1,1,,
21.97,83.77,1,1,,
21.97,85.31,1,1,,
21.98,83.23,2,2,,
21.99,83.23,1,1,,
21.99,83.37,1,1,,
22.0,82.67,3,4,True,Prakash Industries Steel Plant
22.01,82.67,2,5,,
22.01,83.75,1,1,,
22.02,82.18,1,1,,
22.02,83.75,2,3,,
22.03,83.36,1,1,,
22.03,83.37,1,1,,
22.03,83.74,1,1,,
22.04,83.35,2,3,,
22.04,83.73,1,3,,
22.05,88.12,1,1,,
22.06,85.46,1,1,,
22.06,85.47,1,1,,
22.06,88.12,1,2,,
22.06,88.13,1,1,,
22.07,83.71,1,1,,
22.09,83.12,1,2,,
22.11,83.12,1,1,,
22.21,84.86,2,5,,
22.21,84.87,1,2,,
22.21,84.88,1,2,,
22.22,84.76,1,1,,
22.22,84.87,1,1,,
22.23,84.75,1,1,,
22.24,87.39,1,1,,
22.32,82.54,1,1,,
22.32,82.55,1,1,,
22.32,82.56,2,2,,
22.32,82.57,2,2,,
22.32,82.59,2,2,,
22.33,82.53,1,1,,
22.33,82.61,2,2,,
22.34,69.86,1,1,,
22.34,69.87,1,1,,
22.35,82.3,1,1,,
22.36,82.3,3,10,False,
22.36,87.02,1,1,,
22.36,87.29,1,1,,
22.36,87.3,2,2,,
22.37,87.02,1,2,,
22.37,87.3,2,5,,
22.38,87.28,2,7,,
22.42,69.04,1,1,,
22.57,85.89,2,3,,
22.57,85.9,3,7,True,Unnamed Facility
22.59,85.9,1,1,,
22.61,85.91,1,1,,
22.69,92.16,1,1,,
22.79,86.2,2,4,,
22.79,86.21,1,1,,
22.8,86.09,1,1,,
22.8,86.21,1,2,,
22.83,69.53,1,1,,
22.87,86.06,1,3,,
22.93,69.7,1,4,,
22.93,69.82,1,1,,
22.93,70.11,1,1,,
23.16,82.34,1,2,,
23.17,82.34,1,2,,
23.27,70.26,1,1,,
23.3,70.48,1,1,,
23.31,70.2,1,1,,
23.32,70.49,1,1,,
23.41,72.42,1,1,,
23.51,72.42,1,1,,
23.51,94.01,1,1,,
23.54,72.41,1,1,,
23.55,86.54,1,1,,
23.55,87.24,1,1,,
23.56,87.24,1,1,,
23.58,86.73,1,1,,
23.61,86.79,1,1,,
23.63,70.44,1,1,,
23.63,96.6,1,1,,
23.65,85.44,1,2,,
23.66,85.51,1,2,,
23.66,87.15,1,1,,
23.66,87.16,1,2,,
23.67,85.0,1,4,,
23.67,85.32,1,1,,
23.67,86.09,1,1,,
23.68,86.08,1,1,,
23.68,86.09,2,8,,
23.68,86.1,1,1,,
23.68,86.39,2,4,,
23.68,86.4,3,9,True,Unnamed Facility
23.69,85.37,1,2,,
23.69,86.08,1,1,,
23.69,86.39,2,2,,
23.69,86.44,1,1,,
23.69,87.12,1,2,,
23.7,85.37,1,1,,
23.7,86.07,1,1,,
23.7,86.08,1,1,,
23.7,87.11,1,1,,
23.7,87.12,1,1,,
23.71,86.42,1,1,,
23.71,86.45,3,5,False,
23.72,86.42,1,1,,
23.74,86.43,3,5,False,
23.74,86.44,1,2,,
23.76,85.85,3,3,True,Unnamed Facility
23.76,86.39,2,2,,
23.76,86.4,3,9,True,Unnamed Facility
23.76,86.41,1,1,,
23.77,86.2,1,1,,
23.77,86.37,1,1,,
23.77,86.4,1,1,,
23.78,86.2,1,1,,
23.78,86.21,1,3,,
23.78,86.36,1,1,,
23.78,86.37,1,1,,
23.78,86.39,1,1,,
23.79,85.55,2,5,,
23.79,86.35,1,1,,
23.8,86.33,2,3,,
23.8,86.35,1,1,,
23.82,85.5,1,1,,
23.83,84.57,1,1,,
23.84,85.47,1,1,,
24.01,96.12,1,1,,
24.07,72.25,1,1,,
24.14,82.59,1,1,,
24.15,82.66,1,1,,
24.16,82.56,2,2,,
24.16,82.57,2,2,,
24.18,82.64,1,1,,
24.18,82.66,2,2,,
24.2,82.71,2,3,,
24.2,82.72,1,1,,
24.21,82.71,2,2,,
24.26,96.54,1,1,,
24.31,85.42,1,1,,
24.45,83.04,1,1,,
24.68,68.23,1,1,,
24.69,73.0,1,1,,
24.72,96.31,1,1,,
24.76,74.61,2,3,,
24.81,68.12,1,1,,
24.82,73.09,1,2,,
24.89,68.01,1,1,,
25.02,68.23,1,2,,
25.3,68.12,1,1,,
25.39,68.58,4,7,True,Kunnar LPG Plant & Oil Field
25.52,68.55,1,1,,
25.58,68.63,1,1,,
25.71,73.58,1,1,,
25.98,73.42,1,1,,
25.98,93.57,1,1,,
26.1,68.88,1,1,,
26.11,68.95,1,2,,
26.15,68.6,1,1,,
26.62,68.16,1,1,,
26.64,72.26,1,1,,
26.76,83.2,1,1,,
26.77,94.51,1,1,,
27.14,72.44,1,1,,
27.31,95.27,1,1,,
27.32,95.27,3,3,True,Unnamed Facility
27.32,95.28,1,1,,
27.38,95.33,1,2,,
27.38,95.34,2,2,,
27.46,95.48,1,1,,
27.6,95.4,1,1,,
27.64,69.48,1,1,,
27.65,68.46,1,1,,
27.86,95.18,1,2,,
27.87,96.93,1,1,,
27.88,96.92,1,2,,
27.88,96.93,1,1,,
27.93,69.85,1,2,,
27.94,69.72,1,1,,
27.95,95.26,1,1,,
27.96,96.95,1,1,,
27.96,96.96,1,1,,
27.97,68.93,1,1,,
28.04,69.67,2,2,,
28.35,77.23,2,2,,
28.37,77.23,1,1,,
28.42,69.7,2,2,,
28.43,69.7,1,1,,
28.45,68.15,1,1,,
28.57,96.95,1,2,,
28.66,77.57,1,1,,
28.66,77.58,1,1,,
28.85,77.15,1,1,,
29.19,88.53,1,1,,
29.24,91.86,1,1,,
29.25,91.86,1,1,,
29.29,88.91,1,1,,
29.33,69.01,1,1,,
29.34,69.02,1,1,,
29.47,76.86,1,1,,
29.48,76.86,2,3,,
29.8,72.78,1,1,,
29.82,72.85,1,1,,
29.9,74.95,1,1,,
29.91,74.94,1,1,,
29.91,74.95,3,10,True,Guru Gobind Singh Refinery
29.91,74.96,1,2,,
29.94,69.95,1,1,,
30.07,96.98,1,1,,
30.33,71.98,1,1,,
30.47,71.74,1,1,,
30.6,73.65,1,1,,
30.68,73.86,1,1,,
30.84,72.17,1,1,,
31.2,72.16,1,1,,
31.21,73.73,1,3,,
31.21,75.97,1,1,,
31.23,75.08,1,1,,
31.25,76.93,1,1,,
31.26,74.14,1,1,,
31.26,74.15,1,1,,
31.26,76.93,1,2,,
31.32,72.16,1,1,,
31.33,72.16,1,1,,
31.34,72.16,1,1,,
31.37,76.35,1,1,,
31.37,76.36,1,1,,
31.46,72.14,1,1,,
31.58,72.38,1,1,,
31.68,72.21,1,1,,
31.73,74.49,1,1,,
32.09,74.16,1,1,,
32.1,74.18,1,1,,
32.13,74.18,1,1,,
32.25,73.93,1,1,,
32.29,70.74,2,2,,
32.3,74.32,1,1,,
32.43,71.37,1,1,,
32.57,72.56,1,1,,
32.58,72.56,1,1,,
32.65,70.47,1,1,,
32.65,70.48,2,2,,
32.66,70.47,1,1,,
32.72,72.93,2,2,,
33.2,70.48,1,1,,
33.21,70.47,1,1,,
33.3,71.18,1,1,,
33.3,71.19,3,3,True,Banda Dawood Shah Oil Facility
33.37,70.31,1,1,,
33.55,71.55,1,1,,
33.69,72.71,2,2,,
33.8,72.1,1,1,,
34.09,72.01,1,1,,
34.1,72.01,1,1,,
35.82,68.37,1,1,,
35.83,68.37,1,1,,
35.97,68.68,1,1,,
35.97,68.69,1,3,,
36.35,95.23,1,1,,
36.35,95.24,1,1,,
36.36,95.23,1,2,,
36.36,95.24,1,1,,
36.38,95.11,1,1,,
36.96,81.34,1,1,,
36.96,81.35,1,1,,
36.97,81.35,1,3,,
